{
    "commands": {
        "DevopsTheme": {
            "iconId": "cmdSettings",
            "title": "{{i18n.DevopsThemeTitle}}"
        },
        "Devops": {
            "iconId": "cmdSync",
            "title": "{{i18n.DevopsTitle}}",
            "description": "{{i18n.DevopsDescription}}"
        }
    },
    "commandHandlers": {
        "DevopsThemeHandler": {
            "id": "DevopsTheme",
            "action": "setDevopsTheme",
            "activeWhen": true,
            "visibleWhen": {
                "condition": "conditions.supportsDevopsTheme"
            },
            "selectWhen": {
                "condition": "conditions.isDevopsTheme"
            }
        },
        "DevopsHandler": {
            "id": "Devops",
            "action": "activateDevops",
            "activeWhen": true,
            "visibleWhen": {
                "condition": "conditions.true"
            }
        }
    },
    "commandPlacements": {
        "Devops_Awp0ShowLightThemePlacement": {
            "id": "Awp0ShowLightTheme",
            "priority": 1,
            "parentGroupId": "Awp0ChangeTheme"
        },
        "DevopsThemePlacement": {
            "id": "DevopsTheme",
            "uiAnchor": "aw_globalToolbar",
            "priority": 3,
            "parentGroupId": "Awp0ChangeTheme"
        },
        "Devopsaw_globalNavigationbar": {
            "id": "Devops",
            "uiAnchor": "aw_globalNavigationbar",
            "priority": 100
        }
    },
    "actions": {
        "setDevopsTheme": {
            "actionType": "JSFunction",
            "method": "setTheme",
            "inputData": {
                "0": "ui-DevopsTheme"
            },
            "deps": "js/theme.service"
        },
        "activateDevops": {
            "actionType": "JSFunction",
            "method": "alert",
            "deps": "js/DevopsService",
            "inputData": {
                "text": "Welcome Teamcenter to Devops!"
            }
        }
    },
    "conditions": {
        "supportsDevopsTheme": {
            "expression": "!ctx.changeThemeDisabled"
        },
        "isDevopsTheme": {
            "expression": "ctx.theme === 'ui-DevopsTheme'"
        },
        "objectIsSelected": {
            "expression": "ctx.selected"
        }
    },
    "i18n": {
        "DevopsThemeTitle": [
            "DevopsMessages"
        ],
        "DevopsTitle": [
            "DevopsMessages"
        ],
        "DevopsDescription": [
            "DevopsMessages"
        ]
    }
}