{
    "schemaVersion": "1.0.0",
    "actions": {
        "initSearch": {
            "actionType": "JSFunction",
            "method": "initSearch",
            "inputData": {
                "data": "{{data.actions}}",
                "actionName": "doGridDataProvider",
                "tableLoaded": "{{data.tableLoaded}}"
            },
            "deps": "js/awSearchService"
        },
        "doArrangeEvent": {
            "actionType": "JSFunctionAsync",
            "method": "arrangeColumns",
            "inputData": {
                "declViewModel": "{{data}}",
                "eventData": "{{data.eventData}}"
            },
            "deps": "js/columnArrangeService"
        },
        "resetColumnConfig": {
            "actionType": "TcSoaService",
            "serviceName": "Internal-AWS2-2022-06-UiConfig",
            "method": "getOrResetUIColumnConfigs3",
            "inputData": {
                "getOrResetUiConfigsIn": [ {
                    "scope": "LoginUser",
                    "scopeName": "",
                    "clientName": "AWClient",
                    "resetColumnConfig": true,
                    "columnConfigQueryInfos": [ {
                        "clientScopeURI": "{{subPanelContext.provider.clientScopeURI}}",
                        "operationType": "configured",
                        "typeNames": [ "WorkspaceObject" ],
                        "columnsToExclude": []
                    } ],
                    "businessObjects": [ {} ]
                } ]
            },
            "outputData": {
                "dataProviders.gridDataProvider.columnConfig": "columnConfigurations[0].columnConfigurations[0]"
            }
        },
        "doGridDataProvider": {
            "actionType": "dataProvider",
            "method": "gridDataProvider"
        },
        "saveColumnConfigLoadData": {
            "actionType": "TcSoaService",
            "serviceName": "Internal-AWS2-2019-06-Finder",
            "method": "performSearchViewModel4",
            "inputData": {
                "columnConfigInput": {
                    "clientName": "AWClient",
                    "operationType": "as_arranged",
                    "clientScopeURI": "{{subPanelContext.provider.clientScopeURI}}"
                },
                "saveColumnConfigData": {
                    "clientScopeURI": "{{subPanelContext.provider.clientScopeURI}}",
                    "columnConfigId": "{{data.dataProviders.gridDataProvider.columnConfig.columnConfigId}}",
                    "columns": "{{data.dataProviders.gridDataProvider.newColumns}}",
                    "scope": "LoginUser",
                    "scopeName": ""
                },
                "searchInput": {
                    "attributesToInflate": "{{subPanelContext.searchState.tableViewProperties}}",
                    "maxToLoad": "{{subPanelContext.searchState.maxToLoad}}",
                    "maxToReturn": "{{subPanelContext.searchState.maxToReturn}}",
                    "providerName": "{{subPanelContext.searchState.provider}}",
                    "searchCriteria": "{{subPanelContext.searchState.criteria}}",
                    "searchFilterFieldSortType": "{{subPanelContext.searchState.sortType}}",
                    "searchFilterMap6": "{{subPanelContext.searchState.activeFilterMap}}",
                    "searchSortCriteria": "{{data.columnProviders.clientScopeUI.sortCriteria}}",
                    "startIndex": "{{data.dataProviders.gridDataProvider.startIndex}}",
                    "columnFilters": "{{data.columnProviders.clientScopeUI.columnFilters}}"
                },
                "inflateProperties": true
            },
            "outputData": {
                "totalFound": "totalFound",
                "tableLoaded": true,
                "searchResults": "{{json:searchResultsJSON}}",
                "dataProviders.gridDataProvider.columnConfig": "columnConfig",
                "output": "{{function:processOutput}}"
            },
            "deps": "js/awSearchService"
        },
        "loadData": {
            "actionType": "TcSoaService",
            "serviceName": "Internal-AWS2-2019-06-Finder",
            "method": "performSearchViewModel4",
            "inputData": {
                "columnConfigInput": {
                    "clientName": "AWClient",
                    "clientScopeURI": "{{subPanelContext.provider.clientScopeURI}}"
                },
                "searchInput": {
                    "attributesToInflate": "{{subPanelContext.searchState.tableViewProperties}}",
                    "maxToLoad": 50,
                    "maxToReturn": 50,
                    "providerName": "{{subPanelContext.searchState.provider}}",
                    "searchCriteria": "{{subPanelContext.searchState.criteria}}",
                    "searchFilterFieldSortType": "{{subPanelContext.searchState.sortType}}",
                    "searchFilterMap6": "{{subPanelContext.searchState.activeFilterMap}}",
                    "searchSortCriteria": "{{data.columnProviders.clientScopeUI.sortCriteria}}",
                    "startIndex": "{{data.dataProviders.gridDataProvider.startIndex}}",
                    "columnFilters": "{{data.columnProviders.clientScopeUI.columnFilters}}"
                },
                "inflateProperties": true
            },
            "outputData": {
                "totalFound": "totalFound",
                "tableLoaded": true,
                "searchResults": "{{json:searchResultsJSON}}",
                "dataProviders.gridDataProvider.columnConfig": "columnConfig",
                "output": "{{function:processOutput}}"
            },
            "deps": "js/awSearchService"
        },
        "plTableClientRefresh": {
            "actionType": "Event",
            "method": "Event",
            "inputData": {
                "events": [ {
                    "name": "gridView.plTable.clientRefresh"
                } ]
            }
        },
        "getFilterFacets": {
            "actionType": "TcSoaService",
            "serviceName": "Internal-AWS2-2019-12-Finder",
            "method": "getFilterValues",
            "inputData": {
                "filterFacetInput": {
                    "columnFilters": "{{filterFacetInput.columnFilters}}",
                    "columnName": "{{filterFacetInput.column.field}}",
                    "maxToReturn": "{{filterFacetInput.maxToReturn}}",
                    "providerName": "{{subPanelContext.searchState.provider}}",
                    "searchCriteria": "{{subPanelContext.searchState.criteria}}",
                    "searchFilterMap": "{{subPanelContext.searchState.activeFilterMap}}",
                    "startIndex": "{{filterFacetInput.startIndex}}"
                }
            },
            "outputData": {
                "filterFacetResults": "{{json:facetValues}}"
            }
        }
    },
    "dataProviders": {
        "gridDataProvider": {
            "action": "loadData",
            "editContext": "{{ctx.editable === false ? '' : 'TABLE_CONTEXT'}}",
            "enablePropEdit": "{{ctx.enablePropEdit}}",
            "response": "{{data.searchResults}}",
            "totalFound": "{{data.totalFound}}",
            "inputData": {
                "selectionModel": "{{subPanelContext.selectionModel}}"
            },
            "commandsAnchor": "com.siemens.splm.clientfx.tcui.commands.modelObjectCellListActionCommands",
            "filterFacetAction": "getFilterFacets",
            "filterFacetResults": "{{data.filterFacetResults}}"
        }
    },
    "columnProviders": {
        "clientScopeUI": {
            "saveColumnAndLoadAction": "saveColumnConfigLoadData",
            "resetColumnAction": "resetColumnConfig",
            "sortCriteria": []
        }
    },
    "grids": {
        "gridView": {
            "dataProvider": "gridDataProvider",
            "columnProvider": "clientScopeUI",
            "enableArrangeMenu": true,
            "gridOptions": {
                "enableGridMenu": true,
                "isFilteringEnabled": "{{subPanelContext.searchState.isFilteringEnabled}}"
            }
        }
    },
    "functions": {
        "processOutput": {
            "functionName": "processOutput",
            "parameters": [
                "{{data}}",
                "{{subPanelContext.searchState}}"
            ]
        }
    },
    "data": {
        "tableLoaded": false
    },
    "lifecycleHooks": {
        "onUpdate": {
            "action": "initSearch",
            "observers": [
                "props.subPanelContext.searchState.criteria.searchString",
                "props.subPanelContext.searchState.filterString"
            ]
        }
    },
    "onEvent": [ {
            "eventId": "columnArrange",
            "cacheEventData": true,
            "action": "doArrangeEvent"
        },
        {
            "eventId": "primaryWorkarea.multiSelectAction",
            "action": "plTableClientRefresh"
        }
    ]
}
