{
    "schemaVersion": "1.0.0",
    "data": {
        "_provider": {
            "breadcrumbConfig": {
                "vm" : "AwSearchBreadcrumb"
            },
            "priority": 0,
            "label": {
                "source": "/i18n/DevopsMessages",
                "key": "continuousdeploymentTitle"
            },
            "clientScopeURI": "Awp0SearchResults",
            "nameToken": "continuousdeployment",
            "context": {
                "search": {
                    "provider": "Awp0FullTextSearchProvider",
                    "criteria": {
                        "searchString" : "hdd"
                    },
                    "chartTitle": {
                        "source": "/i18n/DevopsMessages",
                        "key": "continuousdeploymentChartTitle"
                    }
                }
            },
            "viewBase": "continuousdeployment"
        }
    }
}
