{
  "commands": {
    "Awv0ImageCapture": {
      "iconId": "cmdCaptureImage",
      "title": "{{i18n.captureToolPanelTitle}}",
      "description": "{{i18n.Awv0ImageCaptureDesc}}"
    },
    "Awv0Pin": {
      "iconId": "cmdPin",
      "title": "{{i18n.pin}}",
      "description": "{{i18n.Awv0PinDesc}}"
    },
    "Awv0Unpin": {
      "iconId": "cmdUnpin",
      "title": "{{i18n.unPin}}",
      "description": "{{i18n.Awv0UnpinDesc}}"
    },
    "Awp0DeleteImageCapture": {
      "iconId": "cmdDelete",
      "title": "{{i18n.deleteImageCapture}}",
      "description": "{{i18n.Awp0DeleteImageCaptureDesc}}"
    },
    "Awp0LaunchMarkup": {
      "iconId": "cmdMarkup",
      "title": "{{i18n.launchMarkup}}",
      "description": "{{i18n.Awp0LaunchMarkupDesc}}"
    },
    "Awv0CreateCaptureCmd": {
      "iconId": "cmdInsertImage",
      "title": "{{i18n.createCapture}}",
      "description": "{{i18n.Awv0ImageCaptureDesc}}"
    },
    "Awp0OpenSnapShotData": {
      "iconId": "cmdOpen",
      "isGroup": false,
      "title": "{{i18n.Awp0ShowObjectTitle}}",
      "description": "{{i18n.Awp0OpenSnapShotDataDesc}}"
    },
    "Awv0CaptureGallery": {
      "iconId": "cmdOpenGallery",
      "title": "{{i18n.captureGallery}}",
      "description": "{{i18n.Awv0CaptureGalleryDesc}}"
    },
    "deleteAllImages": {
      "iconId": "cmdDeleteAll",
      "title": "{{i18n.deleteAllImages}}",
      "description": "{{i18n.deleteAllImagesDesc}}"
    }
  },
  "commandHandlers": {
    "Awv0ImageCaptureCommandHandler": {
      "id": "Awv0ImageCapture",
      "action": "showAwv0ImageCapturePanel",
      "activeWhen": true,
      "visibleWhen": {
        "condition": "conditions.isSnapShotViewDataNotVisible"
      },
      "enableWhen": {
        "condition": "conditions.showAwv0ImageCaptureCommand"
      }
    },
    "Awv0PinImageCaptureContextCommandHandler": {
      "id": "Awv0Pin",
      "action": "pinImageCaptureContext",
      "activeWhen": true,
      "visibleWhen": {
        "condition": "conditions.isImageCaptureContextPinned"
      }
    },
    "Awv0UnpinImageCaptureContextCommandHandler": {
      "id": "Awv0Unpin",
      "action": "unPinImageCaptureContext",
      "activeWhen": true,
      "visibleWhen": {
        "condition": "conditions.isImageCaptureContextUnPinned"
      }
    },
    "Awp0DeleteImageCaptureCommandHandler": {
      "id": "Awp0DeleteImageCapture",
      "action": "deleteImageCapture",
      "activeWhen": true,
      "visibleWhen": {
        "condition": "conditions.viewerLicenceOnOrAboveStandard"
      }
    },
    "Awp0LaunchMarkupCommandHandler": {
      "id": "Awp0LaunchMarkup",
      "action": "launchMarkup",
      "activeWhen": true,
      "visibleWhen": {
        "condition": "conditions.hasMarkupData"
      }
    },
    "Awv0CreateCaptureCmdHandler": {
      "id": "Awv0CreateCaptureCmd",
      "action": "updateCaptureNameAndDescription",
      "activeWhen": true,
      "visibleWhen": {
        "condition": "conditions.isImageCaptureCreateCommandVisible"
      }
    },
    "Awp0OpenSnapShotDataCommandHandler": {
      "id": "Awp0OpenSnapShotData",
      "action": "openSnapShotViewData",
      "activeWhen": true,
      "visibleWhen": {
        "condition": "conditions.enableOpenSnapShotCmd"
      }
    },
    "Awp0ViewFileSnapshotCommandHandler": {
      "id": "Awp0ViewFile",
      "action": "downloadSnapShotFile",
      "activeWhen": {
        "condition": "conditions.enableDownloadSnapShot"
      },
      "visibleWhen": {
        "condition": "conditions.enableDownloadSnapShot"
      }
    },
    "Awv0CaptureGalleryCommandHandler": {
      "id": "Awv0CaptureGallery",
      "action": "showAwv0CaptureGalleryPanel",
      "activeWhen": true,
      "visibleWhen": {
        "condition": "conditions.isSnapShotViewDataNotVisible"
      },
      "enableWhen": {
        "condition": "conditions.showAwv0CaptureGalleryCommand"
      }
    },
    "deleteAllImagesHandler": {
      "id": "deleteAllImages",
      "action": "deleteAllImagesCommandAction",
      "enableWhen": {
        "condition": "conditions.imagesAvailableIntheListCond"
      },
      "activeWhen": true,
      "visibleWhen": true
    },
    "viewerShowMarkupCommandHandler": {
      "id": "Awp0ShowMarkups",
      "action": "showMarkupsAction",
      "activeWhen": {
        "condition": "conditions.isViewerIn2DMode"
      },
      "visibleWhen": {
        "condition": "conditions.isViewerIn2DMode"
      },
      "enableWhen": {
        "condition": "conditions.isViewerIn2DMode"
      }
    },
    "viewerMarkupFreehandCommandHandler": {
      "id": "Awp0MarkupFreehand",
      "action": "newFreehandMarkup",
      "activeWhen": {
        "condition": "conditions.isViewerIn2DMode"
      },
      "visibleWhen": {
        "condition": "conditions.isViewerIn2DMode"
      },
      "selectWhen": {
        "condition": "conditions.viewerMarkupFreehandSelected"
      },
      "enableWhen": {
        "condition": "conditions.viewerMarkupFreehandEnabled"
      }
    },
    "ViewerMarkupCommandHandler": {
      "id": "Awp0ShowMarkupPanel",
      "action": "activateMarkupPanelAction",
      "activeWhen": {
        "condition": "conditions.isViewerIn2DMode"
      },
      "visibleWhen": {
        "condition": "conditions.isViewerIn2DMode"
      },
      "selectWhen": {
        "condition": "conditions.viewerMarkupShowPanelSelected"
      },
      "enableWhen": {
        "condition": "conditions.isViewerIn2DMode"
      }
    }
  },
  "commandPlacements": {
    "Awv0PinPlacement": {
      "id": "Awv0Pin",
      "uiAnchor": "image_capture_context_cell_commands",
      "priority": 1,
      "cellDisplay": {
        "hover": true,
        "position": "TOP_RIGHT",
        "selected": true
      }
    },
    "Awv0UnpinPlacement": {
      "id": "Awv0Unpin",
      "uiAnchor": "image_capture_context_cell_commands",
      "priority": 2,
      "cellDisplay": {
        "hover": true,
        "position": "TOP_RIGHT",
        "selected": true
      }
    },
    "Awp0DeleteImageCapturePlacement": {
      "id": "Awp0DeleteImageCapture",
      "uiAnchor": "image_capture_list_cell_commands",
      "priority": 2,
      "cellDisplay": {
        "hover": true,
        "position": "TOP_RIGHT",
        "selected": true
      }
    },
    "Awp0LaunchMarkupPlacement": {
      "id": "Awp0LaunchMarkup",
      "uiAnchor": "image_capture_list_cell_commands",
      "priority": 3,
      "cellDisplay": {
        "hover": false,
        "position": "TOP_RIGHT",
        "selected": true
      }
    },
    "Awv0CreateCaptureCmdPlacement": {
      "id": "Awv0CreateCaptureCmd",
      "uiAnchor": "image_capture_create_command",
      "priority": 200
    },
    "Awp0OpenSnapShotCellPlacement": {
      "id": "Awp0OpenSnapShotData",
      "uiAnchor": "image_capture_list_cell_commands",
      "priority": 1,
      "cellDisplay": {
        "hover": true,
        "position": "TOP_RIGHT",
        "selected": true
      }
    },
    "Awv0ViewerMarkupCommandPlacement": {
      "id": "Awp0ShowMarkupPanel",
      "uiAnchor": "aw_2dViewer",
      "priority": 20
    },
    "Awv0ViewerShowMarkupCommandPlacement": {
      "id": "Awp0ShowMarkups",
      "uiAnchor": "aw_2dViewer",
      "priority": 10
    },
    "Awv0ViewerMarkupFreehandCommandPlacement": {
      "id": "Awp0MarkupFreehand",
      "uiAnchor": "aw_2dViewer",
      "priority": 10
    },
    "Awv03DCaptureGalleryToolsAndInfo": {
      "id": "Awv0CaptureGallery",
      "uiAnchor": "aw_3dViewer",
      "priority": 6
    },
    "Awv02DCaptureGalleryToolsAndInfo": {
      "id": "Awv0CaptureGallery",
      "uiAnchor": "aw_2dViewer",
      "priority": 5
    },
    "deleteAllImagesCommandPlacement": {
      "id": "deleteAllImages",
      "uiAnchor": "image_capture_create_command",
      "priority": 100
    }
  },
  "actions": {
    "showAwv0ImageCapturePanel": {
      "actionType": "JSFunction",
      "method": "activateViewerCommandPanel",
      "deps": "js/viewerContext.service",
      "inputData": {
        "commandId": "Awv0ImageCapture",
        "location": "aw_toolsAndInfo",
        "commandContext": "{{commandContext}}"
      }
    },
    "pinImageCaptureContext": {
      "actionType": "JSFunction",
      "method": "pinImageCaptureContext",
      "inputData": {
        "commandContext": "{{commandContext}}"
      },
      "deps": "js/Awv0ImageCaptureService"
    },
    "unPinImageCaptureContext": {
      "actionType": "JSFunction",
      "method": "unPinImageCaptureContext",
      "inputData": {
        "imageCapturePanelData": "{{commandContext.itemOptions.imageCapturePanelData}}"
      },
      "deps": "js/Awv0ImageCaptureService"
    },
    "deleteImageCapture": {
      "actionType": "JSFunction",
      "method": "deleteImageCapture",
      "inputData": {
        "commandContext": "{{commandContext}}"
      },
      "deps": "js/Awv0ImageCaptureService"
    },
    "launchMarkup": {
      "actionType": "JSFunction",
      "method": "launchMarkup",
      "deps": "js/Awv0ImageCaptureService",
      "inputData": {
        "commandId": "Awp0MarkupMain",
        "location": "aw_toolsAndInfo",
        "vmo": "{{commandContext.vmo}}",
        "imageCapturePanelData": "{{commandContext.itemOptions.imageCapturePanelData}}"
      }
    },
    "updateCaptureNameAndDescription": {
      "actionType": "JSFunction",
      "method": "updateCaptureNameAndDescription",
      "inputData": {
        "panelContext": "{{ctx.panelContext}}",
        "imageCapturePanelData": "{{commandContext.imageCapturePanelData}}"
      },
      "deps": "js/Awv0ImageCaptureService"
    },
    "openSnapShotViewData": {
      "actionType": "Navigate",
      "navigateTo": "com_siemens_splm_clientfx_tcui_xrt_showObject",
      "navigationParams": {
        "uid": "{{commandContext.vmo.uid}}"
      }
    },
    "downloadSnapShotFile": {
      "actionType": "JSFunction",
      "method": "downloadSnapShotFile",
      "deps": "js/Awv0ImageCaptureService",
      "inputData": {
        "objUid": "{{ctx.selected.uid}}"
      }
    },
    "showAwv0CaptureGalleryPanel": {
      "actionType": "JSFunction",
      "method": "activateViewerCommandPanel",
      "deps": "js/viewerContext.service",
      "inputData": {
        "commandId": "Awv0CaptureGallery",
        "location": "aw_toolsAndInfo",
        "commandContext": "{{commandContext}}",
        "closeWhenCommandHidden": false
      }
    },
    "deleteAllImagesCommandAction": {
      "actionType": "JSFunction",
      "method": "deleteAllImages",
      "inputData": {
        "commandContext": "{{commandContext}}"
      },
      "deps": "js/Awv0ImageCaptureService"
    },
    "showMarkupsAction": {
      "actionType": "JSFunction",
      "method": "showMarkupsInImageCapture",
      "inputData": {
        "onScreen2dMarkupContext": "{{commandContext.viewerAtomicData.onScreen2dMarkupContext}}",
        "viewerContextData": "{{commandContext.viewerContextData}}"
      },
      "deps": "js/Awv0ImageCaptureService"
    },
    "activateMarkupPanelAction": {
      "actionType": "JSFunction",
      "method": "activateMarkupPanelInImageCapture",
      "inputData": {
        "onScreen2dMarkupContext": "{{commandContext.viewerAtomicData.onScreen2dMarkupContext}}",
        "viewerContextData": "{{commandContext.viewerContextData}}"
      },
      "deps": "js/Awv0ImageCaptureService"
    }
  },
  "onEvent": [
    {}
  ],
  "conditions": {
    "isImageCaptureContextPinned": {
      "expression": "!commandContext.itemOptions.imageCapturePanelData.pinnedReferenceObject"
    },
    "isImageCaptureContextUnPinned": {
      "expression": "commandContext.itemOptions.imageCapturePanelData.pinnedReferenceObject"
    },
    "isViewerIn2DMode": {
      "expression": "commandContext.viewerAtomicData.viewerViewMode === 'VIEWER2D'"
    },
    "isViewerRevealedAndIn3DModeOrIn2DMode": {
      "expression": "commandContext.viewerAtomicData.disableImageCapture !== true && commandContext.viewerAtomicData.isViewerRevealed && commandContext.viewerAtomicData.viewerViewMode === 'VIEWER3D' || commandContext.viewerAtomicData.viewerViewMode === 'VIEWER2D'"
    },
    "isSnapShotViewDataVisible": {
      "expression": "ctx.selected && ctx.selected.type==='SnapShotViewData'"
    },
    "isSnapShotViewDataNotVisible": {
      "expression": "!(ctx.selected && ctx.selected.type==='SnapShotViewData')"
    },
    "showAwv0ImageCaptureCommand": {
      "expression": "conditions.isViewerRevealedAndIn3DModeOrIn2DMode && !conditions.isSnapShotViewDataVisible"
    },
    "showAwv0CaptureGalleryCommand": {
      "expression": "conditions.isViewerRevealedAndIn3DModeOrIn2DMode && !conditions.isSnapShotViewDataVisible && !conditions.isFnd0SnapshotOpened"
    },
    "hasMarkupData": {
      "expression": "commandContext.itemOptions.imageCapturePanelData.lastActiveCaptureObj.selected && commandContext.itemOptions.imageCapturePanelData.lastActiveCaptureObj.props.fnd0HasMarkupData.value"
    },
    "isImageCaptureCreateCommandVisible": {
      "expression": "conditions.geomViewerLicenceOnOrAboveStandard"
    },
    "imagesAvailableIntheListCond": {
      "expression": "conditions.geomViewerLicenceOnOrAboveStandard && commandContext.imageCapturePanelData.listOfImageCaptureObjects.length > 0"
    },
    "geomViewerLicenceOnOrAboveStandard": {
      "expression": "ctx.viewer && ctx.viewer.licLevel && ctx.viewer.licLevel>=1"
    },
    "enableOpenSnapShotCmd": {
      "expression": {
        "$and": [
          {
            "$source": "commandContext.vmo",
            "$query": {
              "$source": "modelType.typeHierarchyArray",
              "$query": {
                "$in": [
                  "Dataset"
                ]
              }
            }
          },
          {
            "$source": "commandContext.vmo",
            "$query": {
              "$source": "modelType.typeHierarchyArray",
              "$query": {
                "$in": [
                  "SnapShotViewData"
                ]
              }
            }
          }
        ]
      }
    },
    "enableDownloadSnapShot": {
      "expression": {
        "$and": [
          {
            "$source": "ctx.mselected.length",
            "$query": {
              "$eq": 1
            }
          },
          {
            "$source": "ctx.selected",
            "$query": {
              "$source": "modelType.typeHierarchyArray",
              "$query": {
                "$in": [
                  "Dataset"
                ]
              }
            }
          },
          {
            "$source": "ctx.visibleServerCommands.Awp0ViewFile",
            "$query": {
              "$eq": true
            }
          },
          {
            "$source": "ctx.selected",
            "$query": {
              "$source": "modelType.typeHierarchyArray",
              "$query": {
                "$in": [
                  "SnapShotViewData"
                ]
              }
            }
          }
        ]
      }
    },
    "isFnd0SnapshotOpened": {
      "expression": "ctx.aceActiveContext && commandContext.occmgmtContext.topElement.modelType.typeHierarchyArray.indexOf( 'Fnd0Snapshot' ) > -1"
    },
    "viewerMarkupFreehandEnabled": {
      "expression": "!ctx.markup.editing && !ctx.markup.playing && ctx.markup.supportedTools.freehand"
    },
    "viewerMarkupShowPanelSelected": {
      "expression": "ctx.markup.showPanel"
    },
    "viewerMarkupFreehandSelected": {
      "expression": "ctx.markup.selectedTool==='freehand'"
    }
  },
  "i18n": {
    "pin": [
      "ImageCaptureToolMessages"
    ],
    "unPin": [
      "ImageCaptureToolMessages"
    ],
    "Awv0PinDesc": [
      "ImageCaptureToolMessages"
    ],
    "Awv0UnpinDesc": [
      "ImageCaptureToolMessages"
    ],
    "captureToolPanelTitle": [
      "ImageCaptureToolMessages"
    ],
    "cancel": [
      "ImageCaptureToolMessages"
    ],
    "deleteImageCapture": [
      "ImageCaptureToolMessages"
    ],
    "captureDeleteConfirmation": [
      "ImageCaptureToolMessages"
    ],
    "launchMarkup": [
      "ImageCaptureToolMessages"
    ],
    "showObjectCommandTitle": [
      "ImageCaptureToolMessages"
    ],
    "createCapture": [
      "ImageCaptureToolMessages"
    ],
    "Awp0ShowObjectTitle": [
      "ShowObjectMessages"
    ],
    "aw_3dViewer": [
      "ShowObjectMessages"
    ],
    "aw_2dViewer": [
      "ShowObjectMessages"
    ],
    "image_capture_context_cell_commands": [
      "ImageCaptureToolMessages"
    ],
    "image_capture_list_cell_commands": [
      "ImageCaptureToolMessages"
    ],
    "image_capture_create_command": [
      "ImageCaptureToolMessages"
    ],
    "captureImage": [
      "ImageCaptureToolMessages"
    ],
    "captureSnapshot": [
      "ImageCaptureToolMessages"
    ],
    "captureProductSnapshot": [
      "ImageCaptureToolMessages"
    ],
    "captureSnapshotDesc": [
      "ImageCaptureToolMessages"
    ],
    "captureProductSnapshotDesc": [
      "ImageCaptureToolMessages"
    ],
    "captureImageSuccess": [
      "ImageCaptureToolMessages"
    ],
    "captureSnapshotSuccess": [
      "ImageCaptureToolMessages"
    ],
    "captureProductSnapshotSuccess": [
      "ImageCaptureToolMessages"
    ],
    "snapshotCreationFailed": [
      "ImageCaptureToolMessages"
    ],
    "productSnapshotCreationFailed": [
      "ImageCaptureToolMessages"
    ],
    "imageCaptureCmdTitle": [
      "ImageCaptureToolMessages"
    ],
    "captureGallery": [
      "ImageCaptureToolMessages"
    ],
    "deleteAllImages": [
      "ImageCaptureToolMessages"
    ],
    "deleteAllImagesDesc": [
      "ImageCaptureToolMessages"
    ],
    "allImagesDeleteConfirmationText": [
      "ImageCaptureToolMessages"
    ],
    "Awv0ImageCaptureDesc": [
      "ImageCaptureToolMessages"
    ],
    "Awp0DeleteImageCaptureDesc": [
      "ImageCaptureToolMessages"
    ],
    "Awp0LaunchMarkupDesc": [
      "ImageCaptureToolMessages"
    ],
    "Awp0OpenSnapShotDataDesc": [
      "ShowObjectMessages"
    ],
    "Awv0CaptureGalleryDesc": [
      "ImageCaptureToolMessages"
    ]
  }
}
