{
  "typeChangeDeviation48": [
    "Cm0DevRqst"
  ],
  "typeChangeDeviationRevision48": [
    "Cm0DevRqstRevision"
  ],
  "typePerson48": [
    "Participant"
  ],
  "homeChange64": [
    "change"
  ],
  "homeChanges64": [
    "changes"
  ],
  "homeIssue64": [
    "issue"
  ],
  "homeIssuePR64": [
    "issuepr"
  ],
  "typeConfigurationAudit48": [
    "Cm0CfgAudit"
  ],
  "typeConfigurationAuditRevision48": [
    "Cm0CfgAuditRevision"
  ],
  "typeActionItem48": [
    "Cm0ActionItem"
  ],
  "typeActionItemRevision48": [
    "Cm0ActionItemRevision"
  ],
  "typeSimpleChange48": [
    "Cm0SimpleChange"
  ],
  "typeSimpleChangeRevision48": [
    "Cm0SimpleChangeRevision"
  ]
}
