{
  "dragHandlers": {
    "dragHandlerForImpactAnalysis": {
      "activeWhen": true,
      "views": [
        "Cm1ParentTraversal",
        "Cm1RelatedObject"
      ],
      "dragActions": {
        "dragStart": "dragStartImpactAnalysisFn"
      }
    }
  },
  "dropHandlers": {
    "dropHandlerForListView": {
      "activeWhen": true,
      "views": [
        "Cm1PersistedImpacted"
      ],
      "dropActions": {
        "dragOver": "dragOverFn",
        "drop": "dropActionFn"
      }
    }
  },
  "actions": {
    "dragOverFn": {
      "actionType": "syncFunction",
      "method": "tableViewDragOver",
      "inputData": {},
      "deps": "js/Cm1ImpactedWidgetService"
    },
    "dropActionFn": {
      "actionType": "syncFunction",
      "method": "tableViewDropOver",
      "inputData": {},
      "deps": "js/Cm1ImpactedWidgetService"
    },
    "dragStartImpactAnalysisFn": {
      "actionType": "syncFunction",
      "method": "dragStartImpactAnalysisFn",
      "inputData": {
        "eventType": "dragStartImpactAnalysisFn"
      },
      "deps": "js/Cm1ImpactedWidgetService"
    }
  }
}
