{
  "postHandshakeModules": [
    {
      "module": "js/hosting/sol/services/hostIssues_2016_04",
      "condition": true,
      "services": [
        {
          "symbolicName": "CS_ISSUES_EXECUTECOMMAND_SVC",
          "symbolicVersion": "VERSION_2016_04"
        }
      ],
      "proxies": [
        {
          "symbolicName": "HS_ISSUES_CREATE_RESPONSE",
          "symbolicVersion": "VERSION_2016_04"
        }
      ]
    }
  ],
  "hostedComponents": {
    "com.siemens.splm.client.change.CreateChangeComponent": {
      "componentLocation": "createChangeComponentLocation"
    }
  },
  "queries": {
    "com.siemens.splm.client.vis.2020_07.CreateIssue": {
      "module": "js/hostVisQueryService",
      "service": "hostVisQueryService",
      "constructor": "createIssue_2020_07"
    }
  }
}
