{
  "schemaVersion": "1.0.0",
  "pasteHandlers": {
    "defaultPasteHandlerForImpactAnalysis": {
      "action": "defaultPasteHandlerForImpactAnalysis",
      "activeWhen": {
        "condition": "conditions.isPasteHandlerActiveForImpactAnalysisNew"
      }
    }
  },
  "actions": {
    "defaultPasteHandlerForImpactAnalysis": {
      "actionType": "JSFunction",
      "method": "defaultPasteHandlerForImpactAnalysis",
      "deps": "js/Cm1ImpactedWidgetService",
      "inputData": {
        "targetObject": "{{pasteContext.targetObject}}",
        "sourceObject": "{{pasteContext.sourceObject}}"
      },
      "events": {
        "success": [
          {
            "name": "dragDrop.success",
            "condition": "pasteContext.isDragDropIntent",
            "eventData": {
              "sourceObjects": "{{pasteContext.sourceObject}}",
              "targetObject": "{{pasteContext.targetObject}}"
            }
          }
        ]
      }
    }
  },
  "conditions": {
    "isPasteHandlerActiveForImpactAnalysisNew": {
      "expression": {
        "$and": [
          {
            "$source": "pasteContext.targetObject",
            "$query": {
              "$typeOf": "ChangeImpactedItem"
            }
          },
          {
            "$source": "pasteContext.sourceObject",
            "$query": {
              "$typeOf": "WorkspaceObject"
            }
          }
        ]
      }
    }
  }
}
