{
  "createChangeComponentLocation": {
    "params": {
      "componentId": null,
      "embeddedLocationView": null,
      "uid": null
    },
    "url": "/createChangeComponentLocation",
    "view": "Cm1ShowCreateChange"
  },
  "com_siemens_splm_client_change:changesLocation": {
    "data": {
      "browserSubTitle": {
        "source": "/i18n/ChangeMessages",
        "key": "appDisplayName"
      },
      "headerTitle": {
        "source": "/i18n/ChangeMessages",
        "key": "appDisplayName"
      },
      "propertyPolicy": "/policies/ChangesObjectPropertyPolicy.json"
    },
    "view": "AwSearchLocation",
    "parent": "root"
  },
  "showChanges": {
    "data": {
      "priority": 1,
      "label": {
        "source": "/i18n/ChangeMessages",
        "key": "allSubLocation"
      }
    },
    "params": {
      "commandID": null,
      "cmdArg": {
        "array": true
      },
      "cmdId": null,
      "filter": null,
      "HostRequestKey": null,
      "searchCriteria": null
    },
    "parent": "com_siemens_splm_client_change:changesLocation",
    "view": "ShowChangesPage",
    "url": "/showChanges"
  },
  "actionableChanges": {
    "data": {
      "label": {
        "source": "/i18n/ChangeMessages",
        "key": "actionableSubLocation"
      },
      "priority": 5
    },
    "params": {
      "searchCriteria": null,
      "filter": null
    },
    "parent": "com_siemens_splm_client_change:changesLocation",
    "view": "ActionableChangesPage",
    "url": "/actionableChanges"
  },
  "closedChanges": {
    "data": {
      "label": {
        "source": "/i18n/ChangeMessages",
        "key": "closedSubLocation"
      },
      "priority": 6
    },
    "params": {
      "searchCriteria": null,
      "filter": null
    },
    "parent": "com_siemens_splm_client_change:changesLocation",
    "view": "ClosedChangesPage",
    "url": "/closedChanges"
  },
  "changeDashboard": {
    "data": {
      "label": {
        "source": "/i18n/ChangeMessages",
        "key": "changeDashboard"
      },
      "priority": 7
    },
    "params": {
      "searchCriteria": null,
      "filter": null
    },
    "parent": "com_siemens_splm_client_change:changesLocation",
    "url": "/changeDashboard",
    "visibleWhen": {
      "expression": "preferences.CMEnableChangeDashboard.values.values[0]==='true'"
    },
    "view": "ChangeDashboardPage"
  },
  "mergeChangesPageRoot": {
    "abstract": true,
    "data": {},
    "view": "commonLocation",
    "parent": "root"
  },
  "mergeChanges": {
    "abstract": false,
    "data": {
      "browserSubTitle": {
        "source": "/i18n/ChangeMessages",
        "key": "Cm1MergeViewTitle"
      }
    },
    "params": {
      "cmdArg": {
        "array": true
      },
      "ecn_uid": null,
      "cmdId": null,
      "filter": null,
      "filter2": null,
      "page": null,
      "pageId": null,
      "s_uid": null,
      "uid": null,
      "uid2": null,
      "edit": null,
      "c_csid": null,
      "c_csid2": null,
      "c_uid": null,
      "c_uid2": null,
      "o_uid": null,
      "o_uid2": null,
      "pci_uid": null,
      "pci_uid2": null,
      "recipe": null,
      "recipe2": null,
      "spageId": null,
      "spageId2": null,
      "t_uid": null,
      "t_uid2": null
    },
    "reloadOnSearch": false,
    "view": "Cm1MergeChangesSplit",
    "parent": "mergeChangesPageRoot",
    "url": "/mergeChanges",
    "resolveActions": {
      "getData": {
        "actionType": "JSFunctionAsync",
        "method": "loadMergeData",
        "deps": "js/Cm1RevertMergeUtils"
      }
    }
  }
}
