{
  "typeProperties": {
    "ChangeItemRevision": {
      "displayProperty": "object_string",
      "additionalProperties": [
        {
          "name": "cm0DerivableTypes"
        },
        {
          "name": "CMClosure"
        },
        {
          "name": "CMDisposition"
        },
        {
          "name": "CMMaturity"
        },
        {
          "name": "items_tag"
        }
      ]
    },
    "Cm1ChangeHistoryElement": {
      "additionalProperties": [
        {
          "name": "cm1SolutionItemObject"
        }
      ]
    },
    "UserSession": {
      "additionalProperties": [
        {
          "name": "cm0GlobalChangeContext"
        }
      ]
    },
    "WorkspaceObject": {
      "additionalProperties": [
        {
          "name": "cm0AuthoringChangeRevision"
        }
      ]
    }
  }
}
