[
  {
    "type": {
      "names": [
        "Awp0XRTObjectSetRow"
      ],
      "prop": {
        "names": [
          "awp0Target"
        ],
        "type": {
          "names": [
            "Cm1ChangeHistoryElement"
          ],
          "prop": {
            "names": [
              "cm1SolutionItemObject"
            ],
            "type": {
              "names": [
                "WorkspaceObject"
              ]
            }
          }
        }
      }
    },
    "priority": 45
  }
]
