{
  "typeModelFamilyGroupRevision48": [
    "__Fsc_Products_Group__"
  ],
  "typeConstraint48": [
    "Cfg0AbsRule"
  ],
  "typeRule48": [
    "VariantRule",
    "Cfg0VariantCriteria"
  ],
  "typeProductLineFamilyRevision48": [
    "Cfg0AbsProductLineFamily",
    "Cfg0ProductLineFamily"
  ],
  "typeProductLineRevision48": [
    "Cfg0AbsProductLine",
    "Cfg0ProductLine"
  ],
  "typeProductModelFamilyRevision48": [
    "Cfg0AbsProductModelFamily",
    "Cfg0ProductModelFamily"
  ],
  "typeProductModelRevision48": [
    "Cfg0ProductModel"
  ],
  "typeModelSummaryFamilyRevision48": [
    "Cfg0AbsSummaryModelFamily",
    "Cfg0SummaryModelFamily"
  ],
  "typeModelSummaryRevision48": [
    "Cfg0AbsSummaryModel",
    "Cfg0SummaryModel"
  ],
  "typeFamilyGroupRevision48": [
    "__Fsc_Unassigned_Group__",
    "Cfg0AbsFamilyGroup",
    "Cfg0FamilyGroup"
  ],
  "typeFeatureFamilyRevision48": [
    "Cfg0AbsLiteralValueFamily",
    "Cfg0LiteralValueFamily",
    "Cfg0AbsFeatureFamily",
    "Cfg0FeatureFamily"
  ],
  "typeFeatureRevision48": [
    "Cfg0AbsLiteralOptionValue",
    "Cfg0LiteralOptionValue",
    "Cfg0AbsFeature",
    "Cfg0Feature"
  ],
  "typeSummaryFamilyRevision48": [
    "Cfg0AbsSummaryOptionFamily",
    "Cfg0SummaryOptionFamily"
  ],
  "typeFeatureSummaryRevision48": [
    "Cfg0AbsSummaryOptionValue",
    "Cfg0SummaryOptionValue"
  ],
  "typePackageFamilyRevision48": [
    "Cfg0AbsPackageOptionFamily",
    "Cfg0PackageOptionFamily"
  ],
  "typeFeaturePackageRevision48": [
    "Cfg0AbsPackageOptionValue",
    "Cfg0PackageOptionValue"
  ],
  "typeUnconfiguredObject48": [
    "Cfg0UnconfiguredObject"
  ],
  "typeMissingImage48": [
    "Cfg0MissingImg"
  ],
  "typeConfiguratorContext48": [
    "Cfg0ProductItem"
  ],
  "typeDictionaryContext48": [
    "Cfg0Dictionary"
  ]
}
