{
  "variantColumnHeaderRenderer": {
    "grids": [
      "variantTreeTable",
      "variantConditionAuthoringGrid",
      "variantConfigurationGrid"
    ],
    "columns": [],
    "tooltip": [],
    "template": "",
    "templateUrl": "",
    "renderFunction": "",
    "deps": "js/Pca0VariabilityTreeDisplayService",
    "dependentServices": [],
    "headerComponent": "Pca0VariabilityTreeHeader"
  },
  "constraintsGridEditorTopTableHeaderRenderer": {
    "grids": [
      "topConstraintsGrid"
    ],
    "columns": [],
    "headerComponent": "Pca0ConstraintsTreeHeader",
    "deps": "js/pca0ConstraintsGridService"
  }
}
