{
    "commands": {
        "DevopsTheme": {
            "iconId": "cmdSettings",
            "title": "{{i18n.DevopsThemeTitle}}"
        },
        "Devops": {
            "iconId": "cmdSync",
            "title": "{{i18n.DevopsTitle}}",
            "description": "{{i18n.DevopsDescription}}"
        },
        "SubmitToWorkflow": {
            "iconId": "cmd3DView",
            "title": "{{i18n.SubmitToWorkflowTitle}}",
            "description": "{{i18n.SubmitToWorkflowDescription}}"
        },
        "CreateDataset": {
            "iconId": "cmdAttach",
            "title": "{{i18n.CreateDatasetTitle}}",
            "description": "{{i18n.CreateDatasetDescription}}"
        }
    },
    "commandHandlers": {
        "DevopsThemeHandler": {
            "id": "DevopsTheme",
            "action": "setDevopsTheme",
            "activeWhen": true,
            "visibleWhen": {
                "condition": "conditions.supportsDevopsTheme"
            },
            "selectWhen": {
                "condition": "conditions.isDevopsTheme"
            }
        },
        "DevopsHandler": {
            "id": "Devops",
            "action": "activateDevops",
            "activeWhen": true,
            "visibleWhen": {
                "condition": "conditions.true"
            }
        },
        "SubmitToWorkflowHandler": {
            "id": "SubmitToWorkflow",
            "action": "activateSubmitToWorkflow",
            "activeWhen": true,
            "visibleWhen": {
                "condition": "conditions.isSelected"
            }
        },
        "CreateDatasetHandler": {
            "id": "CreateDataset",
            "action": "activateCreateDataset",
            "activeWhen": true,
            "visibleWhen": {
                "condition": "conditions.true"
            }
        }
    },
    "commandPlacements": {
        "Devops_Awp0ShowLightThemePlacement": {
            "id": "Awp0ShowLightTheme",
            "priority": 1,
            "parentGroupId": "Awp0ChangeTheme"
        },
        "DevopsThemePlacement": {
            "id": "DevopsTheme",
            "uiAnchor": "aw_globalToolbar",
            "priority": 3,
            "parentGroupId": "Awp0ChangeTheme"
        },
        "Devopsaw_globalNavigationbar": {
            "id": "Devops",
            "uiAnchor": "aw_globalNavigationbar",
            "priority": 100
        },
        "SubmitToWorkflowaw_rightWall": {
            "id": "SubmitToWorkflow",
            "uiAnchor": "aw_rightWall",
            "priority": 100
        },
        "CreateDatasetaw_rightWall": {
            "id": "CreateDataset",
            "uiAnchor": "aw_rightWall",
            "priority": 100
        },
        "FilesDownloadaw_objectSet_right": {
            "id": "FilesDownload",
            "uiAnchor": "aw_objectSet_right",
            "priority": 100
        }
    },
    "actions": {
        "setDevopsTheme": {
            "actionType": "JSFunction",
            "method": "setTheme",
            "inputData": {
                "0": "ui-DevopsTheme"
            },
            "deps": "js/theme.service"
        },
        "activateSubmitToWorkflow": {
            "actionType": "JSFunction",
            "method": "assign",
            "deps": "js/SubmitToWorkflowService",
            "inputData": {
                "text": "{{ctx.selected.uid}}",
                "objectname": "{{ctx.selected.props.object_string.dbValue}}"
            }
        },
        "activateCreateDataset": {
            "actionType": "JSFunction",
            "method": "activateCommandPanel",
            "deps": "js/commandPanel.service",
            "inputData": {
                "commandId": "CreateDataset",
                "location": "aw_toolsAndInfo"
            }
        }
    },
    "conditions": {
        "isSelected":{
            "expression": "ctx.visibleServerCommands.Awp0NewWorkflowProcess"
        },
        "supportsDevopsTheme": {
            "expression": "!ctx.changeThemeDisabled"
        },
        "isDevopsTheme": {
            "expression": "ctx.theme === 'ui-DevopsTheme'"
        },
        "objectIsSelected": {
            "expression": "ctx.selected"
        }
    },
    "i18n": {
        "DevopsThemeTitle": [
            "DevopsMessages"
        ],
        "DevopsTitle": [
            "DevopsMessages"
        ],
        "DevopsDescription": [
            "DevopsMessages"
        ],
        "SubmitToWorkflowTitle": [
            "DevopsMessages"
        ],
        "SubmitToWorkflowDescription": [
            "DevopsMessages"
        ],
        "CreateDatasetTitle": [
            "DevopsMessages"
        ],
        "CreateDatasetDescription": [
            "DevopsMessages"
        ]
    }
}