{
    "cicd": {
        "data": {
            "browserTitle": {
                "source": "/i18n/DevopsMessages",
                "key": "cicdBrowserTitle"
            },
            "browserSubTitle": {
                "source": "/i18n/DevopsMessages",
                "key": "cicdBrowserSubTitle"
            },
            "headerTitle": {
                "source": "/i18n/DevopsMessages",
                "key": "cicdHeaderTitle"
            }
        },
        "view": "AwSearchLocation",
        "parent": "root"
    },
    "continuousintegration": {
        "data": {
            "priority": 0,
            "label": {
                "source": "/i18n/DevopsMessages",
                "key": "continuousintegrationTitle"
            }
        },
        "params": {
            "filter": null
        },
        "parent": "cicd",
        "view": "continuousintegrationPage",
        "url": "/continuousintegration"
    },
    "continuousdeployment": {
        "data": {
            "priority": 0,
            "label": {
                "source": "/i18n/DevopsMessages",
                "key": "continuousdeploymentTitle"
            }
        },
        "params": {
            "filter": null
        },
        "parent": "cicd",
        "view": "continuousdeploymentPage",
        "url": "/continuousdeployment"
    }
}