<?xml version="1.0" encoding="utf-8" standalone="no"?>
<!--
================================================================================
Copyright 2017.
Siemens Product Lifecycle Management Software Inc.
All Rights Reserved.
================================================================================
-->
<media>
    <product_id>Teamcenter</product_id>
    <product_display_name>Teamcenter</product_display_name>
    <application_id>j9mdxextraction</application_id>
    <application_display_name>MDX Extraction</application_display_name>
    <version>3.0</version>
    <customer>All</customer>
    <rtm_type>Major</rtm_type>
    <parent_release/>
    <platform/>
    <description>MDX Extraction</description>
    <application_dependency>
        <application id="Foundation" release="14.1"/>
    </application_dependency>
    <supported_upgrade_paths/>
</media>
