{
    "schemaVersion" : "1.0.0",
    "actions" :{
        "createImageCapture":{
            "actionType": "JSFunction",
            "method": "createImageCapture",
            "inputData":
            {
                "captureName": "{{data.captureName.dbValue}}",
                "captureDescription":"{{data.captureDesc.dbValue}}",
                "imageCapturePanelData":"{{props.imageCapturePanelData}}"
            },
            "deps": "js/Awv0ImageCaptureService"
        },
        "renderTextBoxes":{
            "actionType": "JSFunction",
            "method": "renderTextBoxes",
            "inputData":
            {
                "imageCapturePanelData":"{{props.imageCapturePanelData}}",
                "captureName": "{{data.captureName}}",
                "captureDesc": "{{data.captureDesc}}"
            },
            "outputData":{
                "captureName":"captureName",
                "captureDesc":"captureDesc"
            },
            "deps": "js/Awv0ImageCaptureService"
        }
    },

    "data":{
        "captureName":
        {
            "displayName": "{{i18n.newCaptureNameLabel}}",
            "type": "STRING",
            "maxLength": 90,
            "isRequired": "true",
            "isEditable": "true",
            "dbValue":"{{props.imageCapturePanelData.captureName}}"
        },
        "captureDesc":
        {
            "displayName": "{{i18n.newCaptureDescLabel}}",
            "type": "STRING",
            "maxLength": 90,
            "isRequired": "false",
            "isEditable": "true",
            "dbValue": "{{props.imageCapturePanelData.captureDescription}}"
        }
    },

    "conditions":
    {
        "isValidToCreateImageCapture":
        {
            "expression": "data.captureName.dbValue"
        }
    },

    "props":{
        "imageCapturePanelData":{
            "type":"Object"
        }
    },
    "lifecycleHooks": {
        "onUpdate": [ {
            "action": "renderTextBoxes",
            "observers": [ "props.imageCapturePanelData.captureName" ]
        }
     ]
    },
    "i18n":
    {
        "createCapture":
        [
            "ImageCaptureToolMessages"
        ],
        "newCaptureNameLabel":
        [
            "ImageCaptureToolMessages"
        ],
        "newCaptureDescLabel":
        [
            "ImageCaptureToolMessages"
        ],
        "createButtonText":
        [
            "ImageCaptureToolMessages"
        ],
        "defaultCatpureStringPrefix":
        [
            "ImageCaptureToolMessages"
        ],
        "captureToolPanelTitle":
        [
            "ImageCaptureToolMessages"
        ]
    }
}

