{
    "types": [
        {
            "name": "ItemRevision",
            "properties": [
                {
                    "name": "items_tag"
                }
            ]
        },
        {
            "name":"ImanRelation",
            "properties": [
                {
                    "name":  "primary_object",
                    "modifiers": [
                        {
                            "name": "withProperties",
                            "Value": "true"
                        }
                    ]
                },
                {
                    "name":  "secondary_object",
                    "modifiers": [
                        {
                            "name": "withProperties",
                            "Value": "true"
                        }
                    ]
                }
            ]
         },
         {
            "name":"CMSolutionToImpacted",
            "properties": [
                {
                    "name": "cm0LineageGroupId"
                }
            ]
         },
         {
            "name":"CMHasImpactedItem",
            "properties": [
                {
                    "name": "cm0LineageGroupId"
                }
            ]
         },
         {
            "name": "ChangeItemRevision",
            "properties": [
                {
                    "name": "CMClosure"
                },
                {
                    "name": "allowable_participant_types"
                },
                {
                    "name": "cm0DerivableTypes"
                },
                {
                    "name": "CMDisposition"
                },
                {
                    "name": "CMMaturity"
                },
                {
                    "name": "Cm0Incorporates"
                },
                {
                    "name": "is_modifiable"
                }
             ]
        },
        {
            "name": "Cm1ChangeHistoryElement",
            "properties": [
                {
                    "name": "cm1AuthorizingChangeNotice"
                },
                {
                    "name": "cm1Closure"
                },
                {
                    "name": "cm1Disposition"
                },
                {
                    "name": "cm1ImpactedItem"
                },
                {
                    "name": "cm1IncorporatedBy"
                },
                {
                    "name": "cm1IncorporatedInto"
                },
                {
                    "name": "cm1IncorporatedStatus"
                },
                {
                    "name": "cm1IncorporatesChanges"
                },
                {
                    "name": "cm1Markup"
                },
                {
                    "name": "cm1Maturity"
                },
                {
                    "name": "cm1SolutionItem"
                }
             ]
        },
        {
            "name": "Participant",
            "properties": [
                {
                    "name": "assignee",
                    "modifiers": [
                        {
                            "name": "withProperties",
                            "Value": "true"
                        }
                    ]
                }
            ]
        }
    ]
}
