{
    "schemaVersion": "1.0.0",
    "actions": {
        "reveal": {
            "actionType": "dataProvider",
            "method": "listDataProvider"
        },
        "loadData": {
            "actionType": "TcSoaService",
            "serviceName": "Internal-AWS2-2019-06-Finder",
            "method": "performSearchViewModel4",
            "inputData": {
                "searchInput": {
                    "maxToLoad": 50,
                    "maxToReturn": 50,
                    "columnFilters": "{{data.columnProviders.clientScopeUI.columnFilters}}",
                    "providerName": "{{subPanelContext.searchState.provider}}",
                    "searchCriteria": "{{subPanelContext.searchState.criteria}}",
                    "searchFilterFieldSortType": "{{subPanelContext.searchState.sortType}}",
                    "searchSortCriteria": [],
                    "searchFilterMap6": "{{subPanelContext.searchState.activeFilterMap}}",
                    "startIndex": "{{data.dataProviders.listDataProvider.startIndex}}"
                },
                "inflateProperties": false
            },
            "policy": {
                "types": [ {
                    "name": "BusinessObject",
                    "properties": [ {
                        "name": "awp0CellProperties"
                    } ]
                } ]
            },
            "outputData": {
                "totalFound": "totalFound",
                "searchResults": "{{json:searchResultsJSON}}",
                "output": "{{function:processOutput}}"
            },
            "deps": "js/awSearchService"
        }
    },

    "dataProviders": {
        "listDataProvider": {
            "action": "loadData",
            "response": "{{data.searchResults}}",
            "totalFound": "{{data.totalFound}}",
            "inputData": {
                "selectionModel": "{{subPanelContext.selectionModel}}"
            },
            "commandsAnchor": "com.siemens.splm.clientfx.tcui.commands.modelObjectCellListActionCommands"
        }
    },
    "functions": {
        "processOutput": {
            "functionName": "processOutput",
            "parameters": [
                "{{data}}",
                "{{subPanelContext.searchState}}"
            ]
        }
    },
    "lifecycleHooks": {
        "onUpdate": {
            "action": "reveal",
            "observers": [
                "props.subPanelContext.searchState.criteria.searchString",
                "props.subPanelContext.searchState.filterString"
            ]
        }
    },
    "onEvent": []
}
