{
    "schemaVersion": "1.0.0",
    "data": {
        "_provider": {
            "context": {
                "hideRightWall": false,
                "search": {
                    "hideInContentSearchBox": true
                }
            },
            "label": {
                "source": "/i18n/ChangeMessages",
                "key": "changeDashboard"
            },
            "priority": 7,
            "viewModes": {
                "ImageView": {
                    "primaryWorkArea": "image",
                    "secondaryWorkArea": false
                }
            },
            "viewBase": "ChangeDashboard",
            "defaultDisplayMode": "ImageView",
            "clientScopeURI": "",
            "selectionMode": "single",
            "nameToken": "com.siemens.splm.client.change:changeDashboardSubLocation",
            "policy": "/policies/changeObjectPropertyPolicy.json",
            "awSubLocationPref": {
                "orientation": "HORIZONTAL",
                "flipLayout": true
            }
        }
    }
}