{
    "schemaVersion" : "1.0.0",
    "imports":
    [
        "js/aw-command-panel.directive",
        "js/aw-panel-footer.directive",
        "js/visible-when.directive",
        "js/aw-button.directive",
        "js/aw-i18n.directive",
        "js/aw-add.directive"
    ],
    "data": {
        "triggerCreate": {
            "dbValue": false,
            "type": "BOOLEAN"
        },
        "addPanelState": {
            "initialValues": {
                "sourceObjects": "",
                "selectedTab": ""
            },
            "meta": {}
        }
    },
    "actions":
    {
        "createRelationForPaletteOrSearch":
        {
            "actionType": "JSFunction",
            "method": "updateCreateTrigger",
            "inputData": {
                "triggerCreate": "{{data.triggerCreate}}",
                "value": true
            },
            "outputData": {
                "triggerCreate": "triggerCreate"
            },
            "deps": "js/addObjectUtils"
        },
        "closePanel":
        {
            "actionType": "Event",
            "method": "Event",
            "inputData":
            {
                 "events":
                 [
                     {
                        "name": "complete",
                        "eventData":
                        {
                            "source": "toolAndInfoPanel"
                        }
                    }

                 ]
            }
        }
    },
    "onEvent":
    [
        {
            "eventId": "cdm.relatedModified",
            "action": "closePanel"
        },
        {
            "eventId": "gwt.SubLocationContentSelectionChangeEvent",
            "action": "closePanel"
        }
    ],
    "conditions":
    {
        "isPaletteTabAddButtonVisible":
        {
          "expression":"addPanelState.selectedTab.view==='PaletteTabPageSub' && addPanelState.sourceObjects.length > 0"
        },
        "isSearchTabAddButtonVisible":
        {
          "expression":"addPanelState.selectedTab.view!='NewTabPageSub' && addPanelState.selectedTab.view!='PaletteTabPageSub' && addPanelState.sourceObjects.length > 0"
        }
    },

    "i18n":
    {
        "addPanelTitle": [ "TCUICommandPanelsMessages" ],
        "addButtonTitle": [ "TCUICommandPanelsMessages" ]
    }
}


