{
    "schemaVersion": "1.0.0",
    "imports":
    [
        "js/aw-command-panel.directive",
        "js/aw-command-panel-section.directive",
        "js/aw-panel-footer.directive",
        "js/aw-add.directive",
        "js/aw-form.directive",
        "js/visible-when.directive",
        "js/aw-button.directive",
        "js/aw-i18n.directive"
    ],
    "data": {
        "triggerCreate": {
            "dbValue": false,
            "type": "BOOLEAN"
        },
        "addPanelState": {
            "initialValues": {
                "creationType": "",
                "createdObject": "",
                "sourceObjects": "",
                "selectedTab": ""
            },
            "meta": {}
        },
        "activeState": {
            "initialValues": {
                "activeView": "AddObjectPrimarySub",
                "context": {}
            },
            "meta": {}
        },
        "xrtState": {
            "initialValues": {},
            "meta": {
                "xrtVMO": {
                    "field": "true",
                    "type": "viewModelObject"
                }
            }
        },
        "projectState": {
            "initialValues": {
                "selectedProjects": [],
                "triggerAssign": false
            },
            "meta": {
                "selectedProjects": {
                    "field": "true",
                    "type": "OBJECT"
                },
                "triggerAssign": {
                    "field": "true",
                    "type": "BOOLEAN"
                }
            }
        }
    },
    "editHandlers": {
        "addPanelEditHandler": {
            "context": "CREATE_PANEL_CONTEXT",
            "dataSource": {
                "xrtVMO": "{{data.xrtState}}"
            }
        }
    },
    "actions":
    {
        "addSolutionItem":
        {
            "actionType": "JSFunction",
            "method": "updateCreateTrigger",
            "inputData": {
                "triggerCreate": "{{data.triggerCreate}}",
                "value": true
            },
            "outputData": {
                "triggerCreate": "triggerCreate"
            },
            "deps": "js/addObjectUtils"
        },
        "addRelationFromPaletteAndSearch": {
            "actionType": "JSFunction",
            "method": "updateCreateTrigger",
            "inputData": {
                "triggerCreate": "{{data.triggerCreate}}",
                "value": true
            },
            "outputData": {
                "triggerCreate": "triggerCreate"
            },
            "deps": "js/addObjectUtils"
        },
        "closePanel":
        {
            "actionType": "Event",
            "method": "Event",
            "inputData":
            {
                 "events":
                 [
                    {
                        "name": "complete",
                        "eventData":
                        {
                            "source": "toolAndInfoPanel"
                        }
                    },
                    {
                        "name": "cdm.relatedModified",
                        "eventData": {
                            "relatedModified": [
                                "{{ctx.xrtSummaryContextObject}}"
                            ],
                            "refreshLocationFlag": true
                        },
                        "condition": "ctx.xrtSummaryContextObject && ctx.xrtSummaryContextObject.modelType.typeHierarchyArray.indexOf( 'ChangeItemRevision' ) > -1"
                    }
                 ]
            }
        },
        "setActiveView":{
            "actionType": "JSFunction",
            "method": "resetActiveView",
            "inputData": {
                "stateName": "{{data.activeState}}",
                "destPanelId": "AddObjectPrimarySub"
            },
            "outputData": {
                "activeState": ""
            },
            "deps": "js/addObjectUtils"
        }
    },
    "onEvent":
    [
        {
            "eventId": "cdm.relatedModified",
            "action": "closePanel"
        }
    ],
    "conditions":
    {
        "isNewTabAddButtonVisible":
        {
            "expression": "addPanelState.selectedTab.view=='NewTabPageSub' && addPanelState.creationType"
        },
        "isPaletteSearchTabAddButtonVisible": {
            "expression": "addPanelState.selectedTab.view!='NewTabPageSub' && addPanelState.sourceObjects.length>0"
        }
    },
    "i18n":
    {
        "addPanelTitle": [ "TCUICommandPanelsMessages" ],
        "addButtonTitle": [ "TCUICommandPanelsMessages" ],
        "BACK_BUTTON_TITLE": [ "BaseMessages" ]
    },
    "props": {
        "sub-panel-context": {
            "type": "object"
        }
    }
}
