{
    "schemaVersion": "1.0.0",
    "imports": [
        "js/aw-widgets.directive"
    ],
    "actions": {
        "selectedChangeAction":{
            "actionType": "JSFunction",
            "method": "selectedChangeObject",
            "inputData": {
                "selected":"{{subPanelContext.selected}}"
            },
            "outputData": {
                "selectedChange": ""
            },
            "deps": "js/Cm1MaturityProgressBarService"
        }

    },
    "ctx":{
        "selected":null
    },
    "data": {
    },
    "props":{
        "prop": {
            "type":"field"
        }
    },
    "onEvent": [


    ],
    "lifecycleHooks": {
        "onMount": "selectedChangeAction"
    }
}
