{
    "schemaVersion" : "1.0.0",
    "actions":
    {
        "initialize": {
            "actionType": "batchJob",
            "steps": [
                {
                    "action": "updateDataSource"
                },
                {
                    "action": "validateChangeContextData"
                }
            ]
        },
        "updateDataSource": {
            "actionType": "JSFunction",
            "method": "addHtmlPanelInDataSource",
            "inputData": {
                "data": "{{data}}",
                "type": "{{data.subPanelContext.xrtType}}",
                "panelID": "Cm1ChangeContextProviderForSaveAsAndRevise"
            },
            "deps": "js/addObjectUtils"
        },
        "validateChangeContextData": {
            "actionType": "JSFunctionAsync",
            "method": "getChangeContextProvider",
            "inputData": {
                "data": "{{data}}"
            },
            "outputData": {
                "fnd0ContextProvider": ""
            },
            "deps": "js/Cm1CreateChangeService"
        }
    },
    "lifecycleHooks": {
        "onMount": "initialize"
    },
    "data":
    {
        "fnd0ContextProvider":
        {
            "type": "OBJECT",
            "dbValue": "{{ctx.pselected}}"
        }
    }
}
