{
    "schemaVersion": "1.0.0",
    "imports":
    [
        "js/aw-link-with-popup-menu.directive",
        "js/aw-property-label.directive",
        "js/visible-when.directive"
    ],
    "actions":
    {
        "cm1OpenActiveChangeObject": {
            "actionType": "Navigate",
            "navigateTo": "com_siemens_splm_clientfx_tcui_xrt_showObject",
            "navigationParams": {
                "uid": "{{ctx.userSession.props.cm0GlobalChangeContext.value}}"
            },
            "events":
            {
                "success":
                [
                    {
                        "name": "awsidenav.openClose"
                    }
                ]
            }
        }
    },
    "onEvent":[],
    "data":
    {
        "cm0GlobalChangeContext": {
            "displayName": "{{i18n.noChangeContext}}",
            "type": "STRING",
            "isRequired": "true",
            "dbValue": "",
            "uiValue": "{{ctx.userSession.props.cm0GlobalChangeContext.uiValue}}"
        },
        "cm0GlobalChangeContextLabel": {
            "displayName": "{{i18n.globalChangeContextLabel}}",
            "type": "STRING",
            "dbValue": ""
        },
        "cm0GlobalChangeContextOpenActive": {
                "action": "cm1OpenActiveChangeObject",
                "iconName": "cmdOpen",
                "tooltip": "{{i18n.openActiveChange}}"
        }
    },
    "conditions":
    {
        "isChangeContextSelected":
        {
            "expression": "property.propertyName === 'cm0GlobalChangeContext'"
        },
        "isChangeContextEnabled":
        {
            "expression": "ctx.userSession.props.cm0GlobalChangeContext && ctx.preferences.CM_enable_global_change_context && ctx.preferences.CM_enable_global_change_context[0] === 'true'"
        },
        "showOpenForActiveChange":
        {
            "expression": "ctx.userSession.props.cm0GlobalChangeContext && ctx.userSession.props.cm0GlobalChangeContext.value !== null && ctx.userSession.props.cm0GlobalChangeContext.value !== '' "
        }
    },
    "i18n":
    {
        "noChangeContext":
        [
            "ChangeMessages"
        ],
        "openActiveChange":
        [
            "ChangeMessages"
        ],
        "globalChangeContextLabel":
        [
            "ChangeMessages"
        ]
    }
}
