{
    "schemaVersion": "1.0.0",
    "imports": [
        "js/aw-flex-column.directive",
        "js/aw-command-bar.directive",
        "js/aw-flex-row.directive",
        "js/aw-separator.directive",
        "js/aw-advanced-bar.directive",
        "js/taskbar-header.directive"
    ],
    "conditions": {
        "isTaskbarFullScreen":{
            "expression": "ctx.taskbarfullscreen && ctx.taskbarfullscreen === 'true'"
        }
    },
    "actions": {
        "Cm1destroyCtxForMergeLocation":{
            "actionType": "JSFunction",
            "deps": "js/Cm1RevertMergeUtils",
            "method": "destroyCtxForMergeLocation"
        }
    },
    "lifecycleHooks": {
        "onUnmount": "Cm1destroyCtxForMergeLocation"
    }
}
