{
    "schemaVersion": "1.0.0",
    "imports": [
        "js/aw-command-panel.directive",
        "js/aw-command-sub-panel.directive"
    ],
    "actions": {
        "closeSettingsPanel": {
            "actionType": "Event",
            "method": "Event",
            "inputData": {
                "events": [
                    {
                        "name": "complete",
                        "eventData": {
                            "source": "toolAndInfoPanel"
                        }
                    }
                ]
            }
        }
    },
    "onEvent": [
        {
            "eventId": "gwt.SubLocationContentSelectionChangeEvent",
            "action": "closeSettingsPanel"
        }
    ],
    "i18n": {
        "ruleDate": [
            "FullScreenConfigurationMessages"
        ]
    },
    "data": {
        "activeView": "Pca0RuleDateSub"
    }
}