{
    "schemaVersion": "1.0.0",
    "actions": {
        "render": {
            "method": "pca0FamilyRenderFunction",
            "deps": "js/Pca0FamilyService",
            "options": {
                "elementRefList": [ "Pca0Family" ]
            }
        }
    },
    "i18n": {
        "aw_single_select_message": [
            "FullScreenConfigurationMessages"
        ],
        "allowedRange": [
            "FullScreenConfigurationMessages"
        ]
    },
    "lifecycleHooks": {
        "render": "render"
    },
    "props": {
        "famIndex": {
            "type": "integer"
        },
        "family": {
            "type": "object"
        },
        "displayName": {
            "type": "string"
        }
    },
    "conditions": {},
    "data": {},
    "onEvent": []
}
