{
    "schemaVersion": "1.0.0",
    "actions": {},
    "data": {
        "_provider": {
            "name": "Pca0ConstraintsSubLocation",
            "label": {
                "source": "/i18n/ConfiguratorExplorerMessages",
                "key": "Pca0Constraints"
            },
            "clientScopeURI": "Pca0Constraints",
            "nameToken": "com.siemens.splm.client.configuratorexplorer:Pca0ConstraintsSubLocation",
            "viewBase": "Pca0Constraints",
            "viewModes": {
                "TableSummaryView": {
                    "primaryWorkArea": "table",
                    "secondaryWorkArea": true
                },
                "TableView": {
                    "primaryWorkArea": "table",
                    "secondaryWorkArea": false
                }
            },
            "context": {
                "search": {
                    "hideInContentSearchBox": true
                }
            }
        },
        "searchState": {
            "initialValues": {},
            "meta": {}
        }
    },
    "selectionModels": {
        "constraintsSelectionModel": {
            "selectionMode": "multiple"
        }
    }
}
