{
    "schemaVersion": "1.0.0",
    "imports": [
        "js/aw-button.directive",
        "js/aw-command-panel.directive",
        "js/aw-i18n.directive",
        "js/aw-panel-body.directive",
        "js/aw-panel-footer.directive",
        "js/exist-when.directive",
        "js/visible-when.directive"
    ],
    "actions": {
        "initAddConstraintPanel": {
            "actionType": "JSFunction",
            "method": "initAddConstraintPanel",
            "inputData": {
                "panelContext": "{{data.ctx.panelContext}}"
            },
            "outputData": {
                "loadedConstraintTypes": ""
            },
            "deps": "js/pca0ConstraintsGridService"
        },
        "getApplicableConstraintTypes": {
            "actionType": "TcSoaService",
            "serviceName": "Core-2010-04-DataManagement",
            "method": "findDisplayableSubBusinessObjectsWithDisplayNames",
            "inputData": {
                "input": "{{function:getInputForApplicableTypes}}"
            },
            "outputData": {
                "loadedConstraintTypes": "{{function:processSoaResponseForBOTypes}}",
                "moreValuesExist": false
            },
            "events": {
                "success": [ {
                    "name": "Pca0ConstraintsGridEditor.cacheLoadedConstraintTypes",
                    "eventData": {
                        "loadedConstraintTypes": "{{data.loadedConstraintTypes}}"
                    }
                } ]
            },
            "deps": "js/PcaObjectTypeLOVComponentService"
        },
        "createConstraint": {
            "actionType": "TcSoaService",
            "serviceName": "Internal-Core-2012-10-DataManagement",
            "method": "createRelateAndSubmitObjects",
            "policy": {
                "types": "{{function:getConstraintGridEditorPolicyTypes}}"
            },
            "inputData": {
                "inputs": "{{function:getConstraintCreateInput}}"
            },
            "outputData": {
                "constraint": "{{function:getCreatedConstraint}}",
                "createConstraintResponse": ""
            },
            "events": {
                "success": [ {
                    "name": "Pca0ConstraintsGridEditor.constraintCreated",
                    "eventData": {
                        "constraint": "{{data.constraint}}"
                    }
                } ],
                "failure": [ {
                    "name": "Pca0ConstraintsGridEditor.processPartialErrors",
                    "eventData": {
                        "ServiceData": "{{data.createConstraintResponse.ServiceData}}"
                    }
                } ]
            },
            "deps": "js/pca0ConstraintsGridService"
        },
        "processPartialErrors": {
            "actionType": "JSFunction",
            "method": "processPartialErrors",
            "inputData": {
                "eventData": "{{parameters.eventData.ServiceData}}"
            },
            "deps": "js/pca0CommonUtils"
        },
        "postConstraintCreation": {
            "actionType": "JSFunction",
            "method": "closeToolsAndInfoPanel",
            "inputData": {
                "subPanelContext": "{{data.subPanelContext}}"
            },
            "deps": "js/pca0CommonUtils"
        }
    },
    "editHandlers": {
        "addPanelEditHandler": {
            "context": "CREATE_PANEL_CONTEXT",
            "dataSource": {
                "xrtVMO": "{{data.xrtState}}"
            }
        }
    },
    "functions": {
        "getInputForApplicableTypes": {
            "functionName": "getInputForApplicableTypes",
            "parameters": [
                "Cfg0AbsConstraintRule"
            ]
        },
        "processSoaResponseForBOTypes": {
            "functionName": "processSoaResponseForBOTypes"
        },
        "getConstraintCreateInput": {
            "functionName": "getConstraintCreateInput",
            "parameters": [
                "{{data.data}}",
                "{{data.ctx.panelContext}}",
                "{{editHandlers.addPanelEditHandler}}"
            ]
        },
        "getConstraintGridEditorPolicyTypes": {
            "functionName": "getConstraintGridEditorPolicyTypes",
            "parameters": [
                "{{data.selectedConstraintType.dbValue}}",
                "{{data.ctx.panelContext.variabilityTreeData}}"
            ]
        },
        "getCreatedConstraint": {
            "functionName": "getCreatedConstraint"
        }
    },
    "data": {
        "selectedConstraintType": {
            "displayName": "{{i18n.type}}",
            "name": "selectedConstraintType",
            "type": "STRING",
            "emptyLOVEntry": true,
            "isRequired": "true",
            "dataProvider": "constraintTypeDataProvider",
            "dbValue": ""
        },
        "xrtState": {
            "initialValues": {},
            "meta": {
                "xrtVMO": {
                    "field": "true",
                    "type": "viewModelObject"
                }
            }
        }
    },
    "dataProviders": {
        "constraintTypeDataProvider": {
            "response": "{{data.loadedConstraintTypes}}"
        }
    },
    "i18n": {
        "addConstraint": [ "ConfiguratorExplorerMessages" ],
        "type": [ "ConfiguratorExplorerMessages" ],
        "addCmd": [ "ConfiguratorExplorerMessages" ]
    },
    "lifecycleHooks": {
        "onMount": "initAddConstraintPanel"
    },
    "onEvent": [ {
            "eventId": "Pca0ConstraintsGridEditor.processPartialErrors",
            "action": "processPartialErrors",
            "inputArgs": {
                "eventData": "{{eventData}}"
            }
        },
        {
            "eventId": "Pca0ConstraintsGridEditor.constraintCreated",
            "action": "postConstraintCreation"
        },
        {
            "eventId": "Pca0ConstraintsGridEditor.loadConstraintTypes",
            "action": "getApplicableConstraintTypes"
        }
    ],
    "conditions": {
        "shouldLoadAvailableConstraintTypes": {
            "expression": "data.ctx.panelContext.availableConstraintTypes.length === 0"
        }
    }
}
