<?xml version="1.0" encoding="UTF-8"?>
<TcBusinessData xmlns="http://teamcenter.com/BusinessModel/TcBusinessData" Date="Tue Jun 11 01:20:10 PM 2024">
<Add>
   <Library name="J9SoaTCJira_Extraction" createRelease="tc14000.1.0" serviceLibrary="true"
       namespace="J9::Soa::TCJira_Extraction" isThirdParty="false">
     <DependentOn name="sa"/>
   </Library>
   <ServiceInterface name="Extraction" namespace="J9::Soa::TCJira_Extraction" libraryName="J9SoaTCJira_Extraction"
       serviceLibraryRef="" dependencies="" createRelease="tc14000.1.0" description="Data Extraction in json"/>
   <Struct name="Input" createRelease="tc14000.1.0" scope="J9::Soa::TCJira_Extraction::Extraction"
       namespace="J9::Soa::TCJira_Extraction::_2022_06::Extraction" isPublished="true">
     <StructElement name="objectId" description="Object ID">
       <DataTypeRefParam dataType="std::string"/>
     </StructElement>
     <StructElement name="objectType" description="Object type">
       <DataTypeRefParam dataType="std::string"/>
     </StructElement>
     <StructElement name="extractionPath" description="Extraction Path">
       <DataTypeRefParam dataType="std::string"/>
     </StructElement>
   </Struct>
   <Struct name="Output" createRelease="tc14000.1.0" scope="J9::Soa::TCJira_Extraction::Extraction"
       namespace="J9::Soa::TCJira_Extraction::_2022_06::Extraction" isPublished="true">
     <StructElement name="jsonPath" description="output Json Path">
       <DataTypeRefParam dataType="std::string"/>
     </StructElement>
   </Struct>
   <OperationTemplate id="J9::Soa::TCJira_Extraction::_2022_06::Extraction::Output#J9::Soa::TCJira_Extraction::Extraction::extractionOperation#const,J9::Soa::TCJira_Extraction::_2022_06::Extraction::Input"
       name="J9::Soa::TCJira_Extraction::Extraction::extractionOperation" returnConst="false"
       createRelease="tc14000.1.0" description="" const="false" static="false" accessControl="false"
       returnFreeMemory="false" returnDescription="">
     <OperationReturnDataTypeRef dataType="J9::Soa::TCJira_Extraction::_2022_06::Extraction::Output"
         qualifier=""/>
     <OperationParameter name="operationInput" description="operation input" const="true"
         inputOutput="Input" freeOutputMemory="false" defaultValue="">
       <OperationParameterDataTypeRef dataType="J9::Soa::TCJira_Extraction::_2022_06::Extraction::Input"
           qualifier=""/>
     </OperationParameter>
   </OperationTemplate>
   <Operation id="extractionOperation#const,J9::Soa::TCJira_Extraction::_2022_06::Extraction::Input"
       name="extractionOperation" createRelease="tc14000.1.0" description="" opTemplate="J9::Soa::TCJira_Extraction::_2022_06::Extraction::Output#J9::Soa::TCJira_Extraction::Extraction::extractionOperation#const,J9::Soa::TCJira_Extraction::_2022_06::Extraction::Input"
       interface="J9::Soa::TCJira_Extraction::Extraction" isPublished="true" canOverride="false"
       isPreActionAllowed="false" isPostActionAllowed="false" isPreConditionAllowed="false"
       returnDescription="" component="" useCase="" dependencies="" exceptionCondition="">
     <ParameterInfo parameterName="operationInput" description="operation input"/>
   </Operation>
   <TcGlobalConstantAttach constantName="Fnd0SelectedLocales" value="en_US"/>
   <Functionality name="J9mdxextraction" displayName="MDX Extraction" enabledForVerificationRules="false"
       description="Component for the template - j9mdxextraction"/>
</Add>
</TcBusinessData>
