<?xml version="1.0" encoding="utf-8" standalone="no"?>
<!--
Copyright 2017 Siemens Product Lifecycle Management Software Inc. All Rights Reserved.
================================================================================
Copyright 2017.
Siemens Product Lifecycle Management Software Inc.
All Rights Reserved.
================================================================================
Copyright 2017 Siemens Product Lifecycle Management Software Inc. All Rights Reserved.
-->
<package guid="FB13C75997174120DB2A67C71E2D27D2" packageId="j9mdxextraction">
    <displayName value="${packageId}.displayName"/>
    <description value="${packageId}.description"/>
    <contentType value="application"/>
    <propertyContribution/>
    <dependencies>
        <dependency id="cm" type="requires"/>
    </dependencies>
    <artifact artifactType="fnd0_dataModelArtifact" guid="873F69D114DB5A01191F570EF4674720">
        <deploymentActions>
            <install>
                <target description="Perform the file deployment actions including unzip, copy, and delete." name="fileProcessing">
                    <unzip dest="${Teamcenter_root_path}" src="${Teamcenter_j9mdxextraction_path}/artifacts/j9mdxextraction_template.zip"/>
                    <unzip dest="${Teamcenter_root_path}" src="${Teamcenter_j9mdxextraction_path}/artifacts/j9mdxextraction_install.zip"/>
                    <copy file="${Teamcenter_j9mdxextraction_path}/artifacts/j9mdxextraction_icons.zip" todir="${Teamcenter_root_path}/install/j9mdxextraction"/>
                </target>
                <target description="Perform the operations that must be completed prior to the database being updated." name="preDatabaseUpdate">
                    <TemplateDeploy name="j9mdxextraction"/>
                </target>
                <target description="Perform the operations that are database dependent." name="databaseUpdate"/>
                <target description="Perform the operations that must be completed after the database update has occurred." name="postDatabaseUpdate"/>
            </install>
            <update>
                <target description="Perform the file deployment actions including unzip, copy, and delete." name="fileProcessing">
                    <unzip dest="${Teamcenter_root_path}" src="${Teamcenter_j9mdxextraction_path}/artifacts/j9mdxextraction_template.zip"/>
                    <unzip dest="${Teamcenter_root_path}" src="${Teamcenter_j9mdxextraction_path}/artifacts/j9mdxextraction_install.zip"/>
                    <copy file="${Teamcenter_j9mdxextraction_path}/artifacts/j9mdxextraction_icons.zip" force="true" overwrite="true" todir="${Teamcenter_root_path}/install/j9mdxextraction"/>
                </target>
                <target description="Perform the operations that must be completed prior to the database being updated." name="preDatabaseUpdate">
                    <TemplateUpdate name="j9mdxextraction"/>
                </target>
                <target description="Perform the operations that are database dependent." name="databaseUpdate"/>
                <target description="Perform the operations that must be completed after the database update has occurred." name="postDatabaseUpdate"/>
            </update>
        </deploymentActions>
    </artifact>
    <artifact artifactType="fnd0_serverArtifact" guid="B7EEAB3AFA1E1F5A3716D9002AE771D5">
        <deploymentActions>
            <install>
                <target description="Perform the file deployment actions including unzip, copy, and delete." name="fileProcessing">
                    <property name="template_rtserver" value="false"/>
                    <unzip dest="${Teamcenter_root_path}" src="${Teamcenter_j9mdxextraction_path}/artifacts/j9mdxextraction_rtserver.zip"/>
                </target>
                <target description="Perform the operations that must be completed prior to the database being updated." name="preDatabaseUpdate">
                    <XInclude destfile="${Teamcenter_root_path}/lang/textserver/no_translation/emh_text.xml" includefile="j9mdxextraction_errors.xml"/>
                    <XInclude destfile="${Teamcenter_root_path}/lang/textserver/no_translation/tc_text.xml" includefile="j9mdxextraction_text.xml"/>
                </target>
            </install>
            <update>
                <target description="Perform the file deployment actions including unzip, copy, and delete." name="fileProcessing">
                    <property name="template_rtserver" value="false"/>
                    <unzip dest="${Teamcenter_root_path}" src="${Teamcenter_j9mdxextraction_path}/artifacts/j9mdxextraction_rtserver.zip"/>
                </target>
                <target description="Perform the operations that must be completed prior to the database being updated." name="preDatabaseUpdate">
                    <XInclude destfile="${Teamcenter_root_path}/lang/textserver/no_translation/emh_text.xml" includefile="j9mdxextraction_errors.xml"/>
                    <XInclude destfile="${Teamcenter_root_path}/lang/textserver/no_translation/tc_text.xml" includefile="j9mdxextraction_text.xml"/>
                </target>
            </update>
        </deploymentActions>
    </artifact>
</package>
