{
    "schemaVersion": "1.0.0",
    "imports": [],
    "data": {
        "image": {
            "dbValue": "assets/image/typeEffectivity48.svg"
        },
        "isIcon": true,
        "effDisplayString": {
            "displayName": "{{i18n.effectivity}}",
            "dbValue": "{{subPanelContext.effDisplayString}}",
            "type": "STRING",
            "dispValue": "{{subPanelContext.effDisplayString}}",
            "labelPosition": "NO_PROPERTY_LABEL"
        },
        "effSecondaryDisplayString": {
            "displayName": "{{i18n.effectivity}}",
            "dbValue": "{{subPanelContext.effSecondaryDisplayString}}",
            "type": "STRING",
            "dispValue": "{{subPanelContext.effSecondaryDisplayString}}",
            "labelPosition": "NO_PROPERTY_LABEL"
        }
    },
    "actions": {
        "createVMPropertyObjectsFromEffIntentStrings": {
            "actionType": "JSFunction",
            "method": "createVMPropertyObjectsFromEffIntentStrings",
            "inputData": {
                "input": "{{subPanelContext.formulaStrings}}"
            },
            "outputData": {
                "formulaStrings": ""
            },
            "deps": "js/apsEffectivityIntentService"
        }
    },
    "i18n": {
        "effectivity": [ "ApsEffectivityMessages" ]
       },
    "lifecycleHooks": {
        "onMount": "createVMPropertyObjectsFromEffIntentStrings"
    }
}
